Clave,with RSOC,with Local Security,Closed,First response
TPGSOC-1344260,,,,
TPGSOC-1344137,,,,
TPGSOC-1343694,,,,
TPGSOC-1343496,,,,
TPGSOC-1343472,,,,
TPGSOC-1343443,,,,
TPGSOC-1343422,,,,
TPGSOC-1343308,,,,
TPGSOC-1343279,,,,
TPGSOC-1343270,,,,
TPGSOC-1343201,,,,
TPGSOC-1343200,,,,
TPGSOC-1343168,,,,
TPGSOC-1343167,,,,
TPGSOC-1343124,,,,
TPGSOC-1343102,,,,
TPGSOC-1343059,,,,
TPGSOC-1343033,,,,
TPGSOC-1343013,,,,
TPGSOC-1343007,,,,
TPGSOC-1342995,,,,
TPGSOC-1342952,,,,
TPGSOC-1342895,,,,
TPGSOC-1342891,,,,
TPGSOC-1342873,,,,
TPGSOC-1342723,,,,
TPGSOC-1341440,,,,
TPGSOC-1341368,,,,
TPGSOC-1341263,,,,
TPGSOC-1341248,,,,
TPGSOC-1341244,,,,
TPGSOC-1340785,,,,
TPGSOC-1340699,,,,
TPGSOC-1340674,,,,
TPGSOC-1340673,,,,
TPGSOC-1340670,,,,
TPGSOC-1340419,,,,
TPGSOC-1340418,,,,
TPGSOC-1340417,,,,
TPGSOC-1340378,,,,
TPGSOC-1340348,,,,
TPGSOC-1339546,,,,
TPGSOC-1339529,,,,
TPGSOC-1339395,,,,
TPGSOC-1339204,,,,
TPGSOC-1339107,,,,
TPGSOC-1339091,,,,
TPGSOC-1339087,,,,
TPGSOC-1338954,,,,
TPGSOC-1338940,,,,
TPGSOC-1338905,,,,
TPGSOC-1338888,,,,
TPGSOC-1338839,,,,
TPGSOC-1338829,,,,
TPGSOC-1338368,,,,
TPGSOC-1338112,,,,
TPGSOC-1338033,,,,
TPGSOC-1338032,,,,
TPGSOC-1337947,,,,
TPGSOC-1337159,,,,
TPGSOC-1337149,,,,
TPGSOC-1337046,,,,
TPGSOC-1337033,,,,
TPGSOC-1337015,,,,
TPGSOC-1337011,,,,
TPGSOC-1336989,,,,
TPGSOC-1336988,,,,
TPGSOC-1336987,,,,
TPGSOC-1336985,,,,
TPGSOC-1336031,,,,
TPGSOC-1335970,,,,
TPGSOC-1335915,,,,
TPGSOC-1335859,,,,
TPGSOC-1335680,,,,
TPGSOC-1335561,,,,
TPGSOC-1335454,,,,
TPGSOC-1335317,,,,
TPGSOC-1335217,,,,
TPGSOC-1334973,,,,
TPGSOC-1334361,,,,
TPGSOC-1334265,,,,
TPGSOC-1334250,,,,
TPGSOC-1334202,,,,
TPGSOC-1332205,,,,
TPGSOC-1332079,,,,
TPGSOC-1331677,,,,
TPGSOC-1331559,,,,
TPGSOC-1331531,,,,
TPGSOC-1330444,,,,
TPGSOC-1329967,,,,
TPGSOC-1329925,,,,
TPGSOC-1329893,,,,
TPGSOC-1329858,,,,
TPGSOC-1329319,,,,
TPGSOC-1329200,,,,
TPGSOC-1329074,,,,
TPGSOC-1329073,,,,
TPGSOC-1329072,,,,
TPGSOC-1328985,,,,
TPGSOC-1328984,,,,
TPGSOC-1328983,,,,
TPGSOC-1328791,,,,
TPGSOC-1328786,,,,
TPGSOC-1328101,,,,
TPGSOC-1328098,,,,
TPGSOC-1328094,,,,
TPGSOC-1328093,,,,
TPGSOC-1328090,,,,
TPGSOC-1327942,,,,
TPGSOC-1327867,,,,
TPGSOC-1327864,,,,
TPGSOC-1327810,,,,
TPGSOC-1327668,,,,
TPGSOC-1327174,,,,
TPGSOC-1327100,,,,
TPGSOC-1326106,,,,
TPGSOC-1324953,,,,
TPGSOC-1324814,,,,
TPGSOC-1324520,,,,
TPGSOC-1323444,,,,
TPGSOC-1323101,,,,
TPGSOC-1322647,,,,
TPGSOC-1322516,,,,
TPGSOC-1322095,,,,
TPGSOC-1322058,,,,
TPGSOC-1321940,,,,
TPGSOC-1321279,,,,
TPGSOC-1321120,,,,
TPGSOC-1321067,,,,
TPGSOC-1320900,,,,
TPGSOC-1320490,,,,
TPGSOC-1320152,,,,
TPGSOC-1320093,,,,
TPGSOC-1320008,,,,
TPGSOC-1319989,,,,
TPGSOC-1319903,,,,
TPGSOC-1319599,,,,
TPGSOC-1319484,,,,
TPGSOC-1319478,,,,
TPGSOC-1319321,,,,
TPGSOC-1319130,,,,
TPGSOC-1318063,,,,
TPGSOC-1317999,,,,
TPGSOC-1317987,,,,
TPGSOC-1317919,,,,
TPGSOC-1317913,,,,
TPGSOC-1317770,,,,
TPGSOC-1317453,,,,
TPGSOC-1317447,,,,
TPGSOC-1317377,,,,
TPGSOC-1317376,,,,
TPGSOC-1317172,,,,
TPGSOC-1316870,,,,
TPGSOC-1316855,,,,
TPGSOC-1316100,,,,
TPGSOC-1315860,,,,
TPGSOC-1315805,,,,
TPGSOC-1315793,,,,
TPGSOC-1315587,,,,
TPGSOC-1315571,,,,
TPGSOC-1315346,,,,
TPGSOC-1314937,,,,
TPGSOC-1314437,,,,
TPGSOC-1314418,,,,
TPGSOC-1314037,,,,
TPGSOC-1313430,,,,
TPGSOC-1313265,,,,
TPGSOC-1312987,,,,
TPGSOC-1312963,,,,
TPGSOC-1312942,,,,
TPGSOC-1312808,,,,
TPGSOC-1312692,,,,
TPGSOC-1312688,,,,
TPGSOC-1312520,,,,
